,duration,route_id,collisions_layout,collisions_pedestrian,collisions_vehicle,outside_route_lanes,red_light,route_dev,route_timeout,stop_infraction,vehicle_blocked,score_route
0,2068.9462089538574,RouteScenario_0,0,0,0,0,0,0,0,0,0,100.0
1,2322.887303352356,RouteScenario_0,0,0,0,0,0,0,0,0,0,100.0
2,2335.9672186374664,RouteScenario_0,0,0,0,0,0,0,0,0,0,100.0
3,2217.7481129169464,RouteScenario_0,0,0,0,0,0,0,0,0,0,100.0
4,2301.712647676468,RouteScenario_0,0,0,0,0,0,0,0,0,0,100.0
5,2279.2887258529663,RouteScenario_0,0,0,0,0,0,0,0,0,0,100.0
6,2512.2700707912445,RouteScenario_0,0,0,0,0,0,0,0,0,0,100.0
7,2244.6912474632263,RouteScenario_0,0,0,0,0,0,0,0,0,0,100.0
8,2133.7420575618744,RouteScenario_0,0,0,0,0,0,0,0,0,0,100.0
9,2533.0324804782867,RouteScenario_0,0,0,0,0,0,0,0,0,0,100.0
10,2549.1927213668823,RouteScenario_1,0,0,0,0,0,0,0,0,1,33.95200221350425
11,1912.5870144367218,RouteScenario_1,0,0,0,0,0,0,0,0,1,33.71080005907807
12,1941.6004891395569,RouteScenario_1,0,0,0,0,0,0,0,0,1,33.71080005907807
13,2729.4017667770386,RouteScenario_1,0,0,0,0,0,0,0,0,0,100.0
14,1967.4555296897888,RouteScenario_1,0,0,0,0,0,0,0,0,1,33.71080005907807
15,2272.209235429764,RouteScenario_1,0,0,0,0,0,0,0,0,1,33.95200221350425
16,1667.1305577754974,RouteScenario_1,0,0,0,0,0,0,0,0,1,33.71080005907807
17,2649.9316980838776,RouteScenario_1,0,0,0,0,0,0,0,0,0,100.0
18,1759.4024801254272,RouteScenario_1,0,0,0,0,0,0,0,0,1,33.71080005907807
19,2071.7087993621826,RouteScenario_1,0,0,0,0,0,0,0,0,1,33.95200221350425
20,1649.243679523468,RouteScenario_2,0,0,0,0,0,0,0,0,0,100.0
21,1654.0858368873596,RouteScenario_2,0,0,0,0,0,0,0,0,0,100.0
22,1638.3401143550873,RouteScenario_2,0,0,0,0,0,0,0,0,0,100.0
23,2078.252501010895,RouteScenario_2,0,0,1,0,0,0,0,0,0,100.0
24,1636.1250557899475,RouteScenario_2,0,0,0,0,0,0,0,0,0,100.0
25,1719.4143805503845,RouteScenario_2,0,0,0,0,0,0,0,0,0,100.0
26,1637.5109021663666,RouteScenario_2,0,0,0,0,0,0,0,0,0,100.0
27,2094.287942647934,RouteScenario_2,0,0,0,0,0,0,0,0,0,100.0
28,1653.3559267520905,RouteScenario_2,0,0,0,0,0,0,0,0,0,100.0
29,1679.8353698253632,RouteScenario_2,0,0,0,0,0,0,0,0,0,100.0
30,1476.2507147789001,RouteScenario_3,0,0,0,0,0,0,0,0,0,100.0
31,1728.5821859836578,RouteScenario_3,0,0,0,0,0,0,0,0,0,100.0
32,1734.2091872692108,RouteScenario_3,0,0,0,0,0,0,0,0,0,100.0
33,1453.0903334617615,RouteScenario_3,0,0,0,0,0,0,0,0,0,100.0
34,1691.6576714515686,RouteScenario_3,0,0,0,0,0,0,0,0,0,100.0
35,1412.7968611717224,RouteScenario_3,0,0,0,0,0,0,0,0,0,100.0
36,1377.078500032425,RouteScenario_3,0,0,0,0,0,0,0,0,0,100.0
37,1386.9770591259003,RouteScenario_3,0,0,0,0,0,0,0,0,0,100.0
38,1640.0683825016022,RouteScenario_3,0,0,0,0,0,0,0,0,0,100.0
39,1884.0630149841309,RouteScenario_3,0,0,0,0,0,0,0,0,0,100.0
40,1656.8488698005676,RouteScenario_4,0,0,0,1,0,0,0,0,0,100.0
41,1643.9422628879547,RouteScenario_4,0,0,0,1,0,0,0,0,0,100.0
42,1638.0453956127167,RouteScenario_4,0,0,0,0,0,0,0,0,0,100.0
43,1635.0581631660461,RouteScenario_4,0,0,0,1,0,0,0,0,0,100.0
44,1676.1652209758759,RouteScenario_4,0,0,0,1,0,0,0,0,0,100.0
45,1677.7514159679413,RouteScenario_4,0,0,0,0,0,0,0,0,0,100.0
46,1661.015781879425,RouteScenario_4,0,0,0,0,0,0,0,0,0,100.0
47,1698.6176550388336,RouteScenario_4,0,0,0,0,0,0,0,0,0,100.0
48,1677.9522495269775,RouteScenario_4,0,0,0,1,0,0,0,0,0,100.0
49,1667.6640496253967,RouteScenario_4,0,0,0,0,0,0,0,0,0,100.0
50,1177.8637194633484,RouteScenario_5,0,0,0,0,0,0,0,0,0,100.0
51,1173.137285232544,RouteScenario_5,0,0,0,0,0,0,0,0,0,100.0
52,1183.8120307922363,RouteScenario_5,0,0,0,0,0,0,0,0,0,100.0
53,1166.4500620365143,RouteScenario_5,0,0,0,0,0,0,0,0,0,100.0
54,1182.0853071212769,RouteScenario_5,0,0,0,0,0,0,0,0,0,100.0
55,1178.3155317306519,RouteScenario_5,0,0,0,0,0,0,0,0,0,100.0
56,1185.6104006767273,RouteScenario_5,0,0,0,0,0,0,0,0,0,100.0
57,1185.3794360160828,RouteScenario_5,0,0,0,0,0,0,0,0,0,100.0
58,1203.59281539917,RouteScenario_5,0,0,0,0,0,0,0,0,0,100.0
59,1189.4130721092224,RouteScenario_5,0,0,0,0,0,0,0,0,0,100.0
60,2387.4348151683807,RouteScenario_6,1,0,0,0,0,0,0,0,0,100.0
61,2368.1344199180603,RouteScenario_6,0,0,1,0,0,0,0,0,0,100.0
62,3336.9229242801666,RouteScenario_6,1,0,0,0,0,0,0,0,0,100.0
63,2476.369115829468,RouteScenario_6,0,0,0,0,0,0,0,0,0,100.0
64,2404.791457414627,RouteScenario_6,0,0,0,0,0,0,0,0,0,100.0
65,3144.8025369644165,RouteScenario_6,0,0,0,0,0,0,0,0,0,100.0
66,3059.367873430252,RouteScenario_6,0,0,5,0,1,0,0,0,0,100.0
67,2316.900739431381,RouteScenario_6,0,0,0,0,0,0,0,0,0,100.0
68,2454.088299512863,RouteScenario_6,0,0,2,0,0,0,0,0,0,100.0
69,2695.5425465106964,RouteScenario_6,0,0,0,0,0,0,0,0,0,100.0
70,4033.11456489563,RouteScenario_7,0,0,2,0,1,0,0,0,0,100.0
71,3326.7397100925446,RouteScenario_7,0,0,0,0,1,0,0,0,0,100.0
72,4178.704564571381,RouteScenario_7,0,0,0,0,1,0,1,0,0,88.35395779385924
73,2952.11128282547,RouteScenario_7,0,0,0,0,1,0,0,0,0,100.0
74,3561.744066953659,RouteScenario_7,0,0,0,0,1,0,0,0,1,81.76521498243541
75,2445.457609653473,RouteScenario_7,0,0,0,0,1,0,0,0,1,79.43454513268328
76,4028.131531238556,RouteScenario_7,0,0,0,0,1,0,1,0,0,93.70430264013703
77,3451.7754786014557,RouteScenario_7,0,0,0,0,1,0,0,0,0,100.0
78,3267.8509442806244,RouteScenario_7,0,0,0,0,1,0,0,0,0,100.0
79,3030.6499071121216,RouteScenario_7,0,0,2,0,0,0,0,0,0,100.0
80,2983.0954353809357,RouteScenario_8,0,0,1,0,0,0,0,0,1,56.769985000246336
81,2549.1276915073395,RouteScenario_8,0,0,3,0,0,0,0,0,0,100.0
82,3249.986646413803,RouteScenario_8,0,0,1,0,0,0,0,0,0,100.0
83,2487.959651708603,RouteScenario_8,0,0,2,0,0,0,0,0,0,100.0
84,2478.283890247345,RouteScenario_8,0,0,2,0,0,0,0,0,0,100.0
85,3616.90810918808,RouteScenario_8,0,0,1,0,0,0,0,0,0,100.0
86,2805.486100435257,RouteScenario_8,0,0,2,0,0,0,0,0,0,100.0
87,4115.754940748215,RouteScenario_8,0,0,3,0,0,0,1,0,0,93.47955623532883
88,2522.335791349411,RouteScenario_8,0,0,2,0,0,0,0,0,0,100.0
89,3430.0768744945526,RouteScenario_8,0,0,4,0,0,0,0,0,0,100.0
90,2395.31752038002,RouteScenario_9,0,0,1,0,0,0,0,0,0,100.0
91,2477.41396856308,RouteScenario_9,0,0,1,0,0,0,0,0,0,100.0
92,3086.906332015991,RouteScenario_9,0,0,3,0,1,0,0,0,0,100.0
93,2517.3356800079346,RouteScenario_9,0,0,1,0,0,0,0,0,0,100.0
94,2495.270560979843,RouteScenario_9,0,0,4,0,0,0,0,0,0,100.0
95,2229.5443568229675,RouteScenario_9,0,0,1,0,0,0,0,0,0,100.0
96,2423.1269381046295,RouteScenario_9,0,0,1,0,0,0,0,0,0,100.0
97,2456.2676684856415,RouteScenario_9,0,0,2,0,0,0,0,0,0,100.0
98,2819.4508559703827,RouteScenario_9,0,0,8,0,0,0,0,0,0,100.0
99,2273.4647068977356,RouteScenario_9,0,0,4,0,0,0,0,0,0,100.0
100,4336.423616409302,RouteScenario_10,1,0,2,0,1,0,1,0,0,72.21098588622954
101,3585.6134712696075,RouteScenario_10,1,0,1,0,0,0,0,0,1,80.33036612693805
102,2862.905799627304,RouteScenario_10,0,0,5,0,0,0,0,0,1,51.70217665305409
103,2627.5038776397705,RouteScenario_10,0,0,1,0,1,0,0,0,1,58.57174322864919
104,2469.334738254547,RouteScenario_10,0,0,2,0,0,0,0,0,1,51.58621887639708
105,4114.068717718124,RouteScenario_10,1,0,2,0,1,0,1,0,0,92.20286220443249
106,2951.011651992798,RouteScenario_10,0,0,4,0,0,0,0,0,1,57.683430859998055
107,2681.920876979828,RouteScenario_10,2,0,0,0,1,0,0,0,0,100.0
108,3053.8004174232483,RouteScenario_10,0,0,2,0,1,0,0,0,1,57.28862536281977
109,2770.837154865265,RouteScenario_10,0,0,2,0,1,0,0,0,1,58.37434048006005
110,2023.853639125824,RouteScenario_11,0,0,1,0,0,0,0,0,1,37.94395521262925
111,1966.742255449295,RouteScenario_11,0,0,0,0,0,0,0,0,1,37.63722879269012
112,2947.0909039974213,RouteScenario_11,0,0,1,0,0,0,0,0,0,100.0
113,1983.7322134971619,RouteScenario_11,0,0,0,0,0,0,0,0,1,37.63722879269012
114,2407.4451262950897,RouteScenario_11,1,0,2,1,0,0,0,0,1,38.91022773597268
115,1938.9718692302704,RouteScenario_11,0,0,0,0,0,0,0,0,1,37.63722879269012
116,2865.0604343414307,RouteScenario_11,0,0,1,0,0,0,0,0,0,100.0
117,1966.1435220241547,RouteScenario_11,0,0,0,0,0,0,0,0,1,37.63722879269012
118,3420.2579419612885,RouteScenario_11,0,0,2,0,0,0,0,0,0,100.0
119,2936.1617980003357,RouteScenario_11,0,0,0,0,0,0,0,0,0,100.0
120,6223.002916812897,RouteScenario_12,0,0,0,0,0,0,0,1,0,100.0
121,7235.538875579834,RouteScenario_12,0,0,2,1,0,0,0,1,0,100.0
122,3080.9399557113647,RouteScenario_12,0,1,0,0,0,0,0,0,1,23.557605884896788
123,5904.076617002487,RouteScenario_12,0,0,0,0,0,0,0,2,0,100.0
124,4903.098922252655,RouteScenario_12,0,0,0,0,0,0,0,1,1,62.22065316925825
125,6418.695284843445,RouteScenario_12,0,0,2,0,0,0,0,2,0,100.0
126,3590.930354118347,RouteScenario_12,0,0,1,0,0,0,0,0,1,23.646455689955218
127,3390.7177743911743,RouteScenario_12,0,0,0,0,0,0,0,0,1,23.73530605202646
128,6029.04944562912,RouteScenario_12,0,0,1,0,0,0,0,0,1,58.70374489436541
129,7288.7762799263,RouteScenario_12,0,0,0,0,0,0,0,2,0,100.0
130,2053.9864661693573,RouteScenario_13,1,0,1,0,0,0,0,1,1,26.634120443150994
131,4369.0707376003265,RouteScenario_13,0,0,0,0,1,0,0,4,0,100.0
132,5039.977666854858,RouteScenario_13,1,0,0,0,1,0,0,4,0,100.0
133,4967.791173696518,RouteScenario_13,1,0,0,0,1,0,0,3,0,100.0
134,4957.4799926280975,RouteScenario_13,1,0,6,0,0,0,0,4,0,100.0
135,5067.657461643219,RouteScenario_13,0,0,1,0,0,0,0,4,1,95.4226489698813
136,5849.61292219162,RouteScenario_13,1,0,0,0,1,0,0,3,0,100.0
137,4773.219078779221,RouteScenario_13,0,0,0,0,0,0,0,4,0,100.0
138,4507.425719976425,RouteScenario_13,1,0,2,0,1,0,0,4,0,100.0
139,4578.531955480576,RouteScenario_13,0,0,2,0,1,0,0,4,0,100.0
140,3774.6699216365814,RouteScenario_14,0,0,2,0,1,0,0,1,1,56.82281475754266
141,3391.131618976593,RouteScenario_14,0,0,0,0,1,0,0,1,1,55.04613082216449
142,3088.3942561149597,RouteScenario_14,0,0,1,0,1,0,0,1,1,56.625405325926714
143,3203.146146774292,RouteScenario_14,0,0,1,0,1,0,0,1,1,56.49379936241554
144,3621.1716101169586,RouteScenario_14,0,0,1,0,1,0,0,1,1,56.82281475754266
145,3946.791230916977,RouteScenario_14,0,0,1,0,1,0,0,1,1,56.09898047565062
146,3401.825626850128,RouteScenario_14,0,0,0,0,1,0,0,1,1,55.96737453567247
147,3868.9672660827637,RouteScenario_14,0,0,1,0,1,0,0,1,1,56.559602332404616
148,3543.606439590454,RouteScenario_14,0,0,0,0,1,0,0,1,1,54.322296540272454
149,5289.94282579422,RouteScenario_14,0,0,1,0,1,0,0,1,1,60.151859052244895
150,3875.403606891632,RouteScenario_15,0,1,0,0,0,0,0,2,0,100.0
151,3901.1048748493195,RouteScenario_15,0,0,0,0,0,0,0,2,0,100.0
152,3927.811625957489,RouteScenario_15,0,0,0,0,0,0,0,2,0,100.0
153,3901.59779548645,RouteScenario_15,0,0,0,0,0,0,0,2,0,100.0
154,4018.191628217697,RouteScenario_15,0,0,0,0,0,0,0,2,0,100.0
155,4088.084325313568,RouteScenario_15,0,1,0,0,0,0,0,2,0,100.0
156,4068.126296520233,RouteScenario_15,0,0,0,0,0,0,0,2,0,100.0
157,4070.2209486961365,RouteScenario_15,0,0,0,0,0,0,0,2,0,100.0
158,4888.053932666779,RouteScenario_15,0,0,1,0,0,0,0,1,1,87.58797035286639
159,4046.9787187576294,RouteScenario_15,0,0,0,0,0,0,0,2,0,100.0
160,5388.589214324951,RouteScenario_16,0,0,0,0,0,0,0,2,0,100.0
161,4997.3983035087585,RouteScenario_16,0,0,2,0,0,0,0,2,0,100.0
162,5313.292325973511,RouteScenario_16,0,0,0,0,1,0,0,2,0,100.0
163,4821.562352180481,RouteScenario_16,0,1,1,0,0,0,0,2,0,100.0
164,4816.129837274551,RouteScenario_16,0,1,2,0,0,0,0,2,0,100.0
165,5313.794224023819,RouteScenario_16,0,0,0,0,1,0,0,2,0,100.0
166,4825.236931324005,RouteScenario_16,0,1,1,0,0,0,0,2,0,100.0
167,3516.6718244552612,RouteScenario_16,0,0,0,0,0,0,0,0,1,46.25923993526704
168,5041.406305074692,RouteScenario_16,0,1,1,0,1,0,0,1,1,77.73032082619429
169,5390.288109064102,RouteScenario_16,0,0,0,0,0,0,0,2,0,100.0
170,2991.2165870666504,RouteScenario_17,0,0,0,0,0,0,0,2,1,52.048240602184976
171,2995.3658034801483,RouteScenario_17,0,0,0,0,0,0,0,3,0,100.0
172,2903.464119911194,RouteScenario_17,0,0,0,0,0,0,0,3,0,100.0
173,4355.148470163345,RouteScenario_17,0,0,2,0,0,0,0,3,1,98.67712580372284
174,4326.40424489975,RouteScenario_17,0,0,0,0,0,0,0,3,1,99.30706570909376
175,3266.6974301338196,RouteScenario_17,0,0,0,0,0,0,0,3,0,100.0
176,3259.8530859947205,RouteScenario_17,0,0,3,0,0,0,0,2,0,100.0
177,3260.1772379875183,RouteScenario_17,0,0,1,0,0,0,0,3,0,100.0
178,3929.4830837249756,RouteScenario_17,1,0,3,0,0,0,0,3,1,93.32263516249665
179,1716.5033161640167,RouteScenario_17,0,0,0,0,0,0,0,1,1,14.98944958414359
180,7860.511568784714,RouteScenario_18,0,0,1,0,1,0,0,4,0,100.0
181,6715.1253221035,RouteScenario_18,0,0,0,0,1,0,0,4,0,100.0
182,6177.290411472321,RouteScenario_18,0,0,0,0,0,0,0,4,0,100.0
183,7110.378974676132,RouteScenario_18,0,0,0,0,1,0,0,3,0,100.0
184,6485.065824508667,RouteScenario_18,0,0,0,0,0,0,0,4,0,100.0
185,6945.16627573967,RouteScenario_18,0,0,0,0,0,0,0,3,0,100.0
186,7586.426484107971,RouteScenario_18,0,0,0,0,0,0,0,3,0,100.0
187,6914.683247327805,RouteScenario_18,0,0,0,0,0,0,0,4,1,77.78314334511487
188,6476.900270938873,RouteScenario_18,0,0,0,0,0,0,0,4,0,100.0
189,6639.673494338989,RouteScenario_18,0,0,0,0,1,0,0,3,0,100.0
190,4933.752211332321,RouteScenario_19,0,0,0,0,0,0,0,3,0,100.0
191,3976.471612215042,RouteScenario_19,0,0,0,0,1,0,0,2,1,57.43988165460842
192,5383.916441679001,RouteScenario_19,0,0,1,0,0,0,0,2,0,100.0
193,6036.054306030273,RouteScenario_19,0,0,0,0,0,0,0,3,0,100.0
194,3102.598086118698,RouteScenario_19,0,0,0,0,0,0,0,1,1,50.20648894755357
195,5317.551165103912,RouteScenario_19,0,0,0,0,0,0,0,2,0,100.0
196,4704.155753135681,RouteScenario_19,0,0,0,0,0,0,0,3,0,100.0
197,5356.341145992279,RouteScenario_19,0,0,0,0,0,0,0,3,0,100.0
198,6122.931058883667,RouteScenario_19,0,0,0,0,0,0,0,3,0,100.0
199,5339.792053461075,RouteScenario_19,0,0,1,0,0,0,0,2,0,100.0
200,6076.547004461288,RouteScenario_20,0,0,2,0,0,0,0,1,1,75.47572837596869
201,6068.964942216873,RouteScenario_20,0,0,1,0,0,0,0,1,1,75.47572837596869
202,11664.302736759186,RouteScenario_20,0,0,9,1,0,0,0,1,1,76.86214737803229
203,6055.166249513626,RouteScenario_20,0,0,0,0,0,0,0,1,1,70.8217024917149
204,6060.451751708984,RouteScenario_20,0,0,1,0,0,0,0,1,1,75.12866552186672
205,6195.992506504059,RouteScenario_20,0,0,1,0,0,0,0,1,1,71.88841135330769
206,6908.162032842636,RouteScenario_20,0,0,1,0,0,0,0,1,1,72.15554484686703
207,6218.826798200607,RouteScenario_20,0,0,2,0,0,0,0,1,1,75.23207280958589
208,6389.106685400009,RouteScenario_20,0,0,1,0,0,0,0,1,1,75.97676148576433
209,5718.350223302841,RouteScenario_20,0,0,2,0,0,0,0,0,1,74.99561274160675
210,5064.082232952118,RouteScenario_21,0,0,0,0,0,0,0,1,1,80.95900572447273
211,4150.466668605804,RouteScenario_21,0,0,0,0,0,0,0,3,0,100.0
212,5728.537414550781,RouteScenario_21,0,0,1,0,0,0,0,1,1,76.62034626219169
213,4606.415175437927,RouteScenario_21,0,0,0,0,0,0,0,2,0,100.0
214,4558.169036149979,RouteScenario_21,0,0,0,0,0,0,0,3,0,100.0
215,4604.129749298096,RouteScenario_21,0,0,0,0,0,0,0,3,0,100.0
216,4487.845541238785,RouteScenario_21,0,0,0,0,0,0,0,3,0,100.0
217,4458.604946613312,RouteScenario_21,0,0,0,0,0,0,0,3,0,100.0
218,4477.787796020508,RouteScenario_21,0,0,0,0,0,0,0,3,0,100.0
219,4516.758681774139,RouteScenario_21,0,0,0,0,0,0,0,2,0,100.0
220,4214.086792230606,RouteScenario_22,0,0,1,0,0,0,0,2,1,37.24039149401943
221,4892.336892604828,RouteScenario_22,0,0,1,0,0,0,0,2,1,48.85297165342259
222,5656.457401275635,RouteScenario_22,0,0,0,0,0,0,0,2,0,100.0
223,5634.765604972839,RouteScenario_22,0,0,0,0,0,0,0,3,0,100.0
224,5152.514043331146,RouteScenario_22,0,0,3,1,0,0,0,3,1,53.31618638350138
225,5653.667127132416,RouteScenario_22,0,0,1,0,0,0,0,3,0,100.0
226,5620.116592168808,RouteScenario_22,0,0,1,0,0,0,0,3,0,100.0
227,5620.48836183548,RouteScenario_22,0,0,0,0,0,0,0,3,0,100.0
228,2173.1418566703796,RouteScenario_22,0,0,0,0,0,0,0,1,1,12.147037126324836
229,5625.475868701935,RouteScenario_22,0,0,0,0,0,0,0,3,0,100.0
230,6658.917779684067,RouteScenario_23,0,0,0,0,1,0,0,0,0,100.0
231,6826.148475646973,RouteScenario_23,0,0,0,0,0,0,0,1,0,100.0
232,6874.12017250061,RouteScenario_23,0,0,1,0,0,0,0,1,0,100.0
233,6633.296582460403,RouteScenario_23,0,0,2,0,0,0,0,1,1,80.62645364352299
234,6753.452527046204,RouteScenario_23,0,0,1,0,0,0,0,1,0,100.0
235,6568.329711675644,RouteScenario_23,0,0,1,0,0,0,0,1,0,100.0
236,6596.4248604774475,RouteScenario_23,0,0,1,0,0,0,0,1,0,100.0
237,6362.677323818207,RouteScenario_23,0,0,1,0,0,0,0,1,0,100.0
238,6803.662344932556,RouteScenario_23,0,0,0,0,0,0,0,1,0,100.0
239,6814.067594766617,RouteScenario_23,0,0,1,0,0,0,0,1,0,100.0
240,3746.2330293655396,RouteScenario_24,0,0,1,0,0,0,0,1,1,37.20836917142323
241,6767.8451182842255,RouteScenario_24,0,0,0,0,0,0,0,3,1,85.96486452347014
242,6270.398044586182,RouteScenario_24,0,0,1,0,0,0,0,4,0,100.0
243,6984.044889211655,RouteScenario_24,0,0,2,0,0,0,0,2,1,86.18865840385462
244,5909.047656774521,RouteScenario_24,0,0,2,0,0,0,0,2,0,100.0
245,6159.498421430588,RouteScenario_24,0,0,1,0,0,0,0,2,1,77.19005890634644
246,3723.050143480301,RouteScenario_24,0,0,1,0,0,0,0,1,1,37.20836917142323
247,5464.800055503845,RouteScenario_24,0,0,0,0,0,0,0,4,0,100.0
248,5722.4753358364105,RouteScenario_24,0,0,1,0,0,0,0,3,0,100.0
249,5664.863394498825,RouteScenario_24,0,0,1,0,0,0,0,5,0,100.0
250,3057.682562351227,RouteScenario_25,0,0,0,0,0,0,0,6,0,100.0
251,3328.0237879753113,RouteScenario_25,0,0,1,0,0,0,0,6,0,100.0
252,3054.934419155121,RouteScenario_25,0,0,0,0,0,0,0,6,0,100.0
253,3376.441666126251,RouteScenario_25,0,0,0,0,0,0,0,6,0,100.0
254,3386.712651014328,RouteScenario_25,0,0,0,0,0,0,0,6,0,100.0
255,3390.4636690616608,RouteScenario_25,0,0,1,0,0,0,0,6,0,100.0
256,3359.1808173656464,RouteScenario_25,0,0,0,0,0,0,0,5,0,100.0
257,3054.330095052719,RouteScenario_25,0,0,1,0,0,0,0,6,0,100.0
258,3426.0343792438507,RouteScenario_25,0,0,0,0,0,0,0,5,0,100.0
259,3471.4268622398376,RouteScenario_25,0,0,0,0,0,0,0,4,0,100.0
260,3096.8296976089478,RouteScenario_26,0,0,0,0,0,0,0,3,0,100.0
261,3185.843410015106,RouteScenario_26,0,0,1,0,0,0,0,3,0,100.0
262,3122.171926498413,RouteScenario_26,0,0,0,0,0,0,0,3,0,100.0
263,3159.5886800289154,RouteScenario_26,0,0,0,0,0,0,0,3,0,100.0
264,3561.832057237625,RouteScenario_26,0,0,1,0,0,0,0,3,0,100.0
265,3051.215381383896,RouteScenario_26,0,0,0,0,0,0,0,3,0,100.0
266,3509.333865880966,RouteScenario_26,0,0,0,0,0,0,0,3,0,100.0
267,3110.109569311142,RouteScenario_26,0,0,0,0,0,0,0,3,0,100.0
268,3568.392307281494,RouteScenario_26,0,0,1,0,0,0,0,3,0,100.0
269,3236.972825050354,RouteScenario_26,0,0,0,0,0,0,0,2,0,100.0
270,2456.41672205925,RouteScenario_27,0,0,2,0,0,0,0,2,0,100.0
271,2433.852257490158,RouteScenario_27,0,0,0,0,0,0,0,2,0,100.0
272,2405.7016727924347,RouteScenario_27,0,0,0,0,0,0,0,2,0,100.0
273,2114.8795347213745,RouteScenario_27,0,0,0,0,0,0,0,2,0,100.0
274,3256.1077585220337,RouteScenario_27,0,0,0,0,0,0,0,2,1,90.80228639279487
275,2137.4857540130615,RouteScenario_27,0,0,0,0,0,0,0,2,0,100.0
276,3640.4958486557007,RouteScenario_27,0,0,0,0,0,0,0,2,1,90.70722065433421
277,2396.9014925956726,RouteScenario_27,0,0,0,0,1,0,0,2,0,100.0
278,3665.79927778244,RouteScenario_27,0,0,0,0,0,0,0,2,1,90.70722065433421
279,3490.1368041038513,RouteScenario_27,0,0,0,0,0,0,0,2,1,90.70722065433421
280,2351.760585308075,RouteScenario_28,0,0,0,0,0,0,0,4,0,100.0
281,2906.794981956482,RouteScenario_28,0,0,0,0,0,0,0,3,0,100.0
282,2386.3287138938904,RouteScenario_28,0,0,0,0,0,0,0,4,0,100.0
283,2637.2793292999268,RouteScenario_28,0,0,1,0,0,0,0,3,0,100.0
284,2372.1490156650543,RouteScenario_28,0,0,0,0,0,0,0,4,0,100.0
285,2680.398544073105,RouteScenario_28,0,0,2,0,0,0,0,4,0,100.0
286,2998.112472295761,RouteScenario_28,0,0,0,0,0,0,0,2,0,100.0
287,2627.7425577640533,RouteScenario_28,0,0,0,0,0,0,0,2,0,100.0
288,2270.934496164322,RouteScenario_28,0,0,0,0,0,0,0,4,0,100.0
289,2278.782169818878,RouteScenario_28,0,0,0,0,0,0,0,4,0,100.0
290,2499.101899623871,RouteScenario_29,0,0,0,0,0,0,0,0,0,100.0
291,2443.2200939655304,RouteScenario_29,0,0,0,0,0,0,0,0,0,100.0
292,2446.693365097046,RouteScenario_29,0,0,0,0,0,0,0,0,0,100.0
293,2408.3952465057373,RouteScenario_29,0,0,0,0,0,0,0,0,0,100.0
294,2464.2577245235443,RouteScenario_29,0,0,0,0,0,0,0,0,0,100.0
295,2440.5218296051025,RouteScenario_29,0,0,0,0,0,0,0,0,0,100.0
296,2473.1850192546844,RouteScenario_29,0,0,0,0,0,0,0,0,0,100.0
297,2450.1395361423492,RouteScenario_29,0,0,0,0,0,0,0,0,0,100.0
298,2472.471691608429,RouteScenario_29,0,0,0,0,0,0,0,0,0,100.0
299,2437.8235561847687,RouteScenario_29,0,0,0,0,0,0,0,0,0,100.0
300,3872.462151527405,RouteScenario_30,0,0,1,0,0,0,0,0,0,100.0
301,4183.327482461929,RouteScenario_30,0,0,3,0,1,0,0,0,0,100.0
302,4157.999643087387,RouteScenario_30,0,0,2,0,0,0,0,0,0,100.0
303,4470.147619724274,RouteScenario_30,0,0,0,0,0,0,0,0,0,100.0
304,4192.496411323547,RouteScenario_30,1,0,3,0,1,0,0,0,0,100.0
305,4317.311194181442,RouteScenario_30,0,0,0,0,0,0,0,0,0,100.0
306,4338.750748157501,RouteScenario_30,0,0,4,0,0,0,0,0,0,100.0
307,4465.382142305374,RouteScenario_30,0,0,1,0,0,0,0,0,0,100.0
308,4055.35289645195,RouteScenario_30,0,0,0,0,0,0,0,0,0,100.0
309,4369.314065217972,RouteScenario_30,0,0,1,0,0,0,0,0,0,100.0
310,4032.621081352234,RouteScenario_31,0,0,0,0,0,0,0,1,0,100.0
311,3491.7098321914673,RouteScenario_31,0,0,1,0,0,0,0,1,0,100.0
312,3449.413473367691,RouteScenario_31,0,0,0,0,0,0,0,1,0,100.0
313,3539.450597524643,RouteScenario_31,0,0,1,0,0,0,0,1,0,100.0
314,3709.9906849861145,RouteScenario_31,0,0,1,0,0,0,0,1,0,100.0
315,3519.704901456833,RouteScenario_31,0,0,0,0,0,0,0,1,0,100.0
316,3787.6388833522797,RouteScenario_31,0,0,0,0,0,0,0,1,0,100.0
317,3409.0800161361694,RouteScenario_31,0,0,0,0,0,0,0,1,0,100.0
318,3416.711373090744,RouteScenario_31,0,0,0,0,0,0,0,1,0,100.0
319,3432.9102323055267,RouteScenario_31,0,0,0,0,0,0,0,1,0,100.0
320,5805.004354000092,RouteScenario_32,0,0,5,0,2,0,0,0,0,100.0
321,6440.59349656105,RouteScenario_32,0,0,2,0,2,0,0,0,0,100.0
322,6390.801298618317,RouteScenario_32,0,0,23,0,2,0,0,0,0,100.0
323,5687.371536254883,RouteScenario_32,0,0,1,0,2,0,0,0,0,100.0
324,5727.714784622192,RouteScenario_32,0,0,1,0,2,0,0,0,0,100.0
325,5993.632801771164,RouteScenario_32,0,0,3,0,2,0,0,0,0,100.0
326,5700.48557305336,RouteScenario_32,0,0,4,0,2,0,0,0,0,100.0
327,5767.980654478073,RouteScenario_32,0,0,6,0,2,0,0,0,0,100.0
328,5834.521826505661,RouteScenario_32,0,0,5,0,2,0,0,0,0,100.0
329,5695.451062440872,RouteScenario_32,0,0,5,0,2,0,0,0,0,100.0
330,5011.420379638672,RouteScenario_33,0,1,0,0,0,0,0,0,0,100.0
331,4371.220331192017,RouteScenario_33,0,1,0,0,0,0,0,0,0,100.0
332,4816.768700361252,RouteScenario_33,0,2,3,0,0,0,0,0,0,100.0
333,4373.984427213669,RouteScenario_33,0,1,4,0,1,0,0,0,0,100.0
334,5960.836656093597,RouteScenario_33,0,1,11,0,0,0,0,0,0,100.0
335,4135.059898853302,RouteScenario_33,0,1,1,0,0,0,0,0,0,100.0
336,4327.203555107117,RouteScenario_33,0,1,1,0,0,0,0,0,0,100.0
337,4714.8093020915985,RouteScenario_33,0,2,3,0,0,0,0,0,0,100.0
338,4789.469667434692,RouteScenario_33,0,1,1,0,0,0,0,0,0,100.0
339,4544.466693639755,RouteScenario_33,0,1,1,0,0,0,0,0,0,100.0
340,1994.256046295166,RouteScenario_34,0,0,0,0,0,0,0,0,0,100.0
341,1997.1549813747406,RouteScenario_34,0,0,0,0,0,0,0,0,0,100.0
342,2198.189805984497,RouteScenario_34,0,0,0,0,0,0,0,0,0,100.0
343,1994.7623386383057,RouteScenario_34,0,0,0,0,0,0,0,0,0,100.0
344,1985.2387170791626,RouteScenario_34,0,0,0,0,0,0,0,0,0,100.0
345,1995.15616440773,RouteScenario_34,0,0,0,0,0,0,0,0,0,100.0
346,1974.8619539737701,RouteScenario_34,0,0,1,0,0,0,0,0,0,100.0
347,1968.683345079422,RouteScenario_34,0,0,0,0,0,0,0,0,0,100.0
348,2185.3739771842957,RouteScenario_34,0,0,0,0,0,0,0,0,0,100.0
349,1977.1913776397705,RouteScenario_34,0,0,0,0,0,0,0,0,0,100.0
350,3360.6687281131744,RouteScenario_35,0,0,0,0,0,0,0,0,0,100.0
351,3352.4409844875336,RouteScenario_35,0,0,0,0,0,0,0,0,0,100.0
352,3329.102509021759,RouteScenario_35,0,0,0,0,0,0,0,0,0,100.0
353,3387.180072069168,RouteScenario_35,0,0,0,0,0,0,0,0,0,100.0
354,3391.0305004119873,RouteScenario_35,0,0,1,0,0,0,0,0,0,100.0
355,3339.863741159439,RouteScenario_35,0,0,0,0,0,0,0,0,0,100.0
356,3286.635527610779,RouteScenario_35,0,0,1,0,0,0,0,0,0,100.0
357,3140.007735013962,RouteScenario_35,0,0,0,0,0,0,0,0,0,100.0
358,3129.3955686092377,RouteScenario_35,0,0,0,0,0,0,0,0,0,100.0
359,3292.628324508667,RouteScenario_35,0,0,1,0,0,0,0,0,0,100.0
360,1945.2384033203125,RouteScenario_2,0,0,0,0,0,0,0,0,0,100.0
361,1756.3286771774292,RouteScenario_2,0,0,0,0,0,0,0,0,0,100.0
362,1837.069142818451,RouteScenario_2,0,0,0,0,0,0,0,0,0,100.0
363,1842.6870081424713,RouteScenario_2,0,0,0,0,0,0,0,0,0,100.0
364,1807.9578936100006,RouteScenario_2,0,0,0,0,0,0,0,0,0,100.0
365,1932.668565273285,RouteScenario_2,0,0,0,0,0,0,0,0,0,100.0
366,1868.6403713226318,RouteScenario_2,0,0,0,0,0,0,0,0,0,100.0
367,1897.669750213623,RouteScenario_2,0,0,0,0,0,0,0,0,0,100.0
368,1863.2715075016022,RouteScenario_2,0,0,0,0,0,0,0,0,0,100.0
369,1916.5423002243042,RouteScenario_2,0,0,0,0,0,0,0,0,0,100.0
370,2499.37939286232,RouteScenario_9,0,0,1,0,0,0,0,0,0,100.0
371,2421.7148339748383,RouteScenario_9,0,0,1,0,0,0,0,0,0,100.0
372,2005.8831851482391,RouteScenario_9,0,0,2,0,0,0,0,0,0,100.0
373,2171.399421453476,RouteScenario_9,0,0,1,0,0,0,0,0,0,100.0
374,2528.333211660385,RouteScenario_9,0,0,3,0,0,0,0,0,0,100.0
375,2822.760457277298,RouteScenario_9,0,0,1,0,0,0,0,0,0,100.0
376,2353.7027213573456,RouteScenario_9,0,0,1,0,0,0,0,0,0,100.0
377,2543.0456776618958,RouteScenario_9,0,0,1,0,0,0,0,0,1,56.42678713546959
378,2891.1474878787994,RouteScenario_9,0,0,1,0,0,0,0,0,1,56.31238784721067
379,2960.1328814029694,RouteScenario_9,0,0,0,0,0,0,0,0,0,100.0
380,6730.337215662003,RouteScenario_12,0,1,0,0,0,0,0,1,0,100.0
381,2960.37034535408,RouteScenario_12,0,0,0,0,0,0,0,0,1,23.690881192713757
382,3555.960444688797,RouteScenario_12,0,0,0,0,0,0,0,0,1,23.513180367732744
383,6336.9135863780975,RouteScenario_12,0,0,0,0,0,0,0,1,0,100.0
384,5955.290612697601,RouteScenario_12,0,0,0,0,0,0,0,2,0,100.0
385,6499.948712825775,RouteScenario_12,0,0,0,0,0,0,0,2,0,100.0
386,6751.0082421302795,RouteScenario_12,0,1,0,0,0,0,0,2,0,100.0
387,6269.005746603012,RouteScenario_12,0,0,0,0,0,0,0,2,0,100.0
388,2841.669375896454,RouteScenario_12,0,0,1,0,0,0,0,0,1,23.690881192713757
389,6210.9907150268555,RouteScenario_12,0,1,0,0,0,0,0,1,1,85.46701399701212
390,4434.584850072861,RouteScenario_15,0,0,0,0,0,0,0,2,0,100.0
391,4200.11316037178,RouteScenario_15,0,0,0,0,0,0,0,2,0,100.0
392,4489.550757884979,RouteScenario_15,0,0,1,0,0,0,0,2,0,100.0
393,4163.17880320549,RouteScenario_15,0,0,1,0,0,0,0,2,0,100.0
394,4451.511710882187,RouteScenario_15,0,0,1,0,0,0,0,2,0,100.0
395,4558.83336186409,RouteScenario_15,0,0,1,0,0,0,0,2,0,100.0
396,4485.66268825531,RouteScenario_15,0,0,0,0,0,0,0,2,0,100.0
397,4262.812791824341,RouteScenario_15,0,0,1,0,0,0,0,2,0,100.0
398,4241.537393808365,RouteScenario_15,0,0,1,0,0,0,0,1,0,100.0
399,4289.260564088821,RouteScenario_15,0,0,1,0,0,0,0,2,0,100.0
400,6076.223146677017,RouteScenario_16,0,1,0,0,0,0,0,2,1,81.89553965137013
401,4947.324883937836,RouteScenario_16,0,1,0,0,0,0,0,2,0,100.0
402,4393.53594827652,RouteScenario_16,0,0,1,0,0,0,0,0,1,60.223936233086015
403,4891.143483161926,RouteScenario_16,0,1,0,0,0,0,0,2,0,100.0
404,5458.938420057297,RouteScenario_16,0,0,1,0,0,0,0,1,1,77.33246482094083
405,5575.039445877075,RouteScenario_16,0,0,1,0,0,0,0,1,1,77.48035318834572
406,5153.2437925338745,RouteScenario_16,0,1,1,0,0,0,0,1,1,78.55486960423306
407,4905.253550767899,RouteScenario_16,0,0,0,0,0,0,0,2,0,100.0
408,5629.021518230438,RouteScenario_16,0,0,2,0,0,0,0,1,1,80.56303614766512
409,5695.28666305542,RouteScenario_16,0,0,2,0,0,0,0,1,1,79.01867466575638
410,5213.160444021225,RouteScenario_18,0,0,0,0,0,0,0,4,0,100.0
411,4805.504375696182,RouteScenario_18,0,0,0,0,1,0,0,3,0,100.0
412,5188.124271154404,RouteScenario_18,0,0,0,0,0,0,0,4,0,100.0
413,5065.7697649002075,RouteScenario_18,0,0,1,0,1,0,0,4,0,100.0
414,6118.000946998596,RouteScenario_18,0,0,4,0,0,0,0,3,0,100.0
415,5446.669607877731,RouteScenario_18,0,0,0,0,0,0,0,3,0,100.0
416,7125.431645154953,RouteScenario_18,0,0,1,0,0,0,0,3,0,100.0
417,5984.216775894165,RouteScenario_18,0,0,1,0,1,0,0,3,0,100.0
418,7471.26545214653,RouteScenario_18,1,0,0,0,0,0,0,4,1,77.6535309078718
419,6825.383717060089,RouteScenario_18,0,0,2,0,0,0,0,3,0,100.0
420,7469.523121595383,RouteScenario_22,0,0,0,0,0,0,0,3,0,100.0
421,7017.508394241333,RouteScenario_22,0,0,2,0,0,0,0,2,0,100.0
422,7220.676797389984,RouteScenario_22,0,0,0,0,0,0,0,3,0,100.0
423,3299.24053812027,RouteScenario_22,0,0,0,0,0,0,0,2,1,21.004744158768197
424,6981.505455493927,RouteScenario_22,1,0,4,0,0,0,0,3,1,87.62603341061903
425,6509.341104984283,RouteScenario_22,0,0,0,0,0,0,0,3,0,100.0
426,6497.197735548019,RouteScenario_22,0,0,2,0,0,0,0,3,0,100.0
427,6472.717706680298,RouteScenario_22,0,0,0,0,0,0,0,3,0,100.0
428,6554.74636220932,RouteScenario_22,0,0,1,0,0,0,0,3,0,100.0
429,6526.934820652008,RouteScenario_22,0,0,0,0,0,0,0,3,0,100.0
430,6585.994975328445,RouteScenario_23,0,0,2,0,0,0,0,1,0,100.0
431,7058.4334762096405,RouteScenario_23,0,0,0,0,0,0,0,1,0,100.0
432,7743.4979746341705,RouteScenario_23,0,0,0,0,0,0,0,1,0,100.0
433,6969.39768242836,RouteScenario_23,0,0,0,0,0,0,0,1,0,100.0
434,6839.730133295059,RouteScenario_23,0,0,0,0,0,0,0,1,0,100.0
435,7184.955427408218,RouteScenario_23,0,0,0,0,1,0,0,1,0,100.0
436,7446.6699233055115,RouteScenario_23,0,0,0,0,0,0,0,1,0,100.0
437,8025.578288555145,RouteScenario_23,0,0,0,0,0,0,0,1,0,100.0
438,7373.408717632294,RouteScenario_23,0,0,0,0,0,0,0,1,0,100.0
439,7680.01913356781,RouteScenario_23,0,0,0,0,0,0,0,1,0,100.0
440,3874.1014170646667,RouteScenario_26,0,0,0,0,0,0,0,3,0,100.0
441,4049.53329706192,RouteScenario_26,0,0,0,0,0,0,0,3,0,100.0
442,4457.966149330139,RouteScenario_26,0,0,0,0,0,0,0,3,0,100.0
443,4581.085810661316,RouteScenario_26,0,0,0,0,0,0,0,3,0,100.0
444,3975.989869594574,RouteScenario_26,0,0,1,0,0,0,0,1,1,60.92299570050106
445,4471.0719220638275,RouteScenario_26,0,0,1,0,0,0,0,2,0,100.0
446,4471.553318500519,RouteScenario_26,0,0,0,0,0,0,0,3,0,100.0
447,4712.180199146271,RouteScenario_26,0,0,1,0,0,0,0,3,0,100.0
448,4513.795105218887,RouteScenario_26,0,0,4,0,0,0,0,3,0,100.0
449,4147.192163228989,RouteScenario_26,0,0,1,0,0,0,0,3,0,100.0
450,5447.628344535828,RouteScenario_30,0,0,1,0,0,0,0,0,0,100.0
451,4949.651387929916,RouteScenario_30,0,0,2,0,0,0,0,0,0,100.0
452,5689.871118307114,RouteScenario_30,0,0,2,0,0,0,0,0,0,100.0
453,5874.18133687973,RouteScenario_30,0,0,0,0,0,0,0,0,0,100.0
454,4669.465300798416,RouteScenario_30,0,0,3,0,0,0,0,0,0,100.0
455,5549.701987981796,RouteScenario_30,0,0,0,0,0,0,0,0,0,100.0
456,6240.2642776966095,RouteScenario_30,0,0,0,0,0,0,0,0,0,100.0
457,5242.702861070633,RouteScenario_30,0,0,1,0,0,0,0,0,0,100.0
458,5107.568527698517,RouteScenario_30,0,0,1,0,0,0,0,0,0,100.0
459,4709.808837175369,RouteScenario_30,0,0,0,0,0,0,0,0,0,100.0
460,3429.468774318695,RouteScenario_31,0,0,1,0,0,0,0,1,0,100.0
461,3278.2079977989197,RouteScenario_31,0,0,0,0,0,0,0,1,0,100.0
462,3274.624490737915,RouteScenario_31,0,0,0,0,0,0,0,1,0,100.0
463,3269.7974071502686,RouteScenario_31,0,0,1,0,0,0,0,1,0,100.0
464,3240.557188272476,RouteScenario_31,0,0,0,0,0,0,0,1,0,100.0
465,3280.0425894260406,RouteScenario_31,0,0,0,0,0,0,0,1,0,100.0
466,3257.4469814300537,RouteScenario_31,0,0,0,0,0,0,0,1,0,100.0
467,3246.077555179596,RouteScenario_31,0,0,1,0,1,0,0,1,0,100.0
468,3266.182007789612,RouteScenario_31,0,0,1,0,0,0,0,1,0,100.0
469,3264.7397973537445,RouteScenario_31,0,0,0,0,0,0,0,1,0,100.0
470,4300.9225125312805,RouteScenario_33,0,1,6,0,1,0,0,0,0,100.0
471,4385.294477462769,RouteScenario_33,0,1,1,0,0,0,0,0,0,100.0
472,4602.031473636627,RouteScenario_33,0,2,5,0,0,0,0,0,0,100.0
473,5029.004134654999,RouteScenario_33,0,1,8,0,0,0,0,0,0,100.0
474,4838.780102729797,RouteScenario_33,0,1,4,0,0,0,0,0,0,100.0
475,4588.979994058609,RouteScenario_33,0,1,7,0,0,0,0,0,0,100.0
476,4472.782114028931,RouteScenario_33,0,1,1,0,0,0,0,0,0,100.0
477,4474.401155233383,RouteScenario_33,0,1,3,0,0,0,0,0,0,100.0
478,4113.851098775864,RouteScenario_33,0,1,0,0,0,0,0,0,0,100.0
479,4457.849399328232,RouteScenario_33,0,1,4,0,0,0,0,0,0,100.0
480,2156.153851747513,RouteScenario_34,0,0,1,0,0,0,0,0,0,100.0
481,2144.3842084407806,RouteScenario_34,0,0,0,0,0,0,0,0,0,100.0
482,2134.7917308807373,RouteScenario_34,0,0,1,0,0,0,0,0,0,100.0
483,2141.015189886093,RouteScenario_34,0,0,1,0,0,0,0,0,0,100.0
484,2136.028584718704,RouteScenario_34,0,0,0,0,0,0,0,0,0,100.0
485,2134.8544812202454,RouteScenario_34,0,0,0,0,0,0,0,0,0,100.0
486,2158.6540286540985,RouteScenario_34,0,0,0,0,0,0,0,0,0,100.0
487,2175.824109315872,RouteScenario_34,0,0,1,0,0,0,0,0,0,100.0
488,2146.294859647751,RouteScenario_34,0,0,2,0,0,0,0,0,0,100.0
489,2152.5679490566254,RouteScenario_34,0,0,0,0,0,0,0,0,0,100.0
490,4367.942437171936,RouteScenario_35,0,0,2,0,1,0,0,0,0,100.0
491,4281.684587955475,RouteScenario_35,0,0,2,0,1,0,0,0,0,100.0
492,4248.151188611984,RouteScenario_35,0,0,2,0,1,0,0,0,0,100.0
493,4243.86202788353,RouteScenario_35,0,0,1,0,1,0,0,0,0,100.0
494,4080.6288108825684,RouteScenario_35,0,0,0,0,0,0,0,0,0,100.0
495,4178.3881204128265,RouteScenario_35,0,0,1,0,1,0,0,0,0,100.0
496,3780.574535369873,RouteScenario_35,0,0,2,0,0,0,0,0,0,100.0
497,4108.82639503479,RouteScenario_35,0,0,0,0,0,0,0,0,0,100.0
498,4517.711641788483,RouteScenario_35,0,0,1,0,0,0,0,0,0,100.0
499,3676.1425790786743,RouteScenario_35,0,0,1,0,0,0,0,0,0,100.0
